design_label,metric,replicate,sample_seed,n_models,n_dyads,mean_similarity_rate,mas_compatibility_rate,identified_compatibility_rate,similarity_minus_mas,similarity_minus_identified,similarity_error,mas_error,identified_error,similarity_minus_mas_error,similarity_minus_identified_error
1A,mas_compatible,1,1001,60,3540,0.756917,0.00904,1.0,0.747878,-0.243083,-0.000449,-0.001431,0.0,0.000983,-0.000449
1A,mas_compatible,2,1002,60,3540,0.761478,0.00904,1.0,0.752439,-0.238522,0.004112,-0.001431,0.0,0.005544,0.004112
1A,mas_compatible,3,1003,60,3540,0.756831,0.00904,1.0,0.747792,-0.243169,-0.000535,-0.001431,0.0,0.000897,-0.000535
1A,mas_compatible,4,1004,60,3540,0.768052,0.00791,1.0,0.760143,-0.231948,0.010686,-0.002561,0.0,0.013248,0.010686
1A,mas_compatible,5,1005,60,3540,0.758701,0.010169,1.0,0.748532,-0.241299,0.001335,-0.000302,0.0,0.001637,0.001335
1A,mas_compatible,6,1006,60,3540,0.76294,0.010169,1.0,0.75277,-0.23706,0.005574,-0.000302,0.0,0.005875,0.005574
1A,mas_compatible,7,1007,60,3540,0.759935,0.012429,1.0,0.747506,-0.240065,0.002569,0.001958,0.0,0.000611,0.002569
1A,mas_compatible,8,1008,60,3540,0.759547,0.00678,1.0,0.752768,-0.240453,0.002181,-0.003691,0.0,0.005873,0.002181
1A,mas_compatible,9,1009,60,3540,0.762802,0.011299,1.0,0.751503,-0.237198,0.005436,0.000828,0.0,0.004608,0.005436
1A,mas_compatible,10,1010,60,3540,0.757503,0.00904,1.0,0.748463,-0.242497,0.000137,-0.001431,0.0,0.001568,0.000137
1A,mas_compatible,11,1011,60,3540,0.766042,0.012429,1.0,0.753613,-0.233958,0.008676,0.001958,0.0,0.006718,0.008676
1A,mas_compatible,12,1012,60,3540,0.760018,0.014689,1.0,0.745328,-0.239982,0.002652,0.004218,0.0,-0.001567,0.002652
1A,mas_compatible,13,1013,60,3540,0.761598,0.010169,1.0,0.751428,-0.238402,0.004232,-0.000302,0.0,0.004533,0.004232
1A,mas_compatible,14,1014,60,3540,0.760334,0.014689,1.0,0.745644,-0.239666,0.002968,0.004218,0.0,-0.001251,0.002968
1A,mas_compatible,15,1015,60,3540,0.765087,0.011299,1.0,0.753788,-0.234913,0.007721,0.000828,0.0,0.006893,0.007721
1A,mas_compatible,16,1016,60,3540,0.760638,0.00678,1.0,0.753859,-0.239362,0.003272,-0.003691,0.0,0.006964,0.003272
1A,mas_compatible,17,1017,60,3540,0.76435,0.00678,1.0,0.757571,-0.23565,0.006984,-0.003691,0.0,0.010676,0.006984
1A,mas_compatible,18,1018,60,3540,0.762188,0.00678,1.0,0.755408,-0.237812,0.004822,-0.003691,0.0,0.008513,0.004822
1A,mas_compatible,19,1019,60,3540,0.758684,0.00791,1.0,0.750774,-0.241316,0.001318,-0.002561,0.0,0.003879,0.001318
1A,mas_compatible,20,1020,60,3540,0.765379,0.011299,1.0,0.754079,-0.234621,0.008013,0.000828,0.0,0.007184,0.008013
1A,mas_compatible,21,1021,60,3540,0.761979,0.014689,1.0,0.74729,-0.238021,0.004613,0.004218,0.0,0.000395,0.004613
1A,mas_compatible,22,1022,60,3540,0.764303,0.00904,1.0,0.755263,-0.235697,0.006937,-0.001431,0.0,0.008368,0.006937
1A,mas_compatible,23,1023,60,3540,0.76281,0.00565,1.0,0.757161,-0.23719,0.005444,-0.004821,0.0,0.010266,0.005444
1A,mas_compatible,24,1024,60,3540,0.763478,0.00904,1.0,0.754439,-0.236522,0.006112,-0.001431,0.0,0.007544,0.006112
1A,mas_compatible,25,1025,60,3540,0.762893,0.013559,1.0,0.749334,-0.237107,0.005527,0.003088,0.0,0.002439,0.005527
1A,mas_compatible,26,1026,60,3540,0.762204,0.010169,1.0,0.752034,-0.237796,0.004838,-0.000302,0.0,0.005139,0.004838
1A,mas_compatible,27,1027,60,3540,0.762433,0.00678,1.0,0.755653,-0.237567,0.005067,-0.003691,0.0,0.008758,0.005067
1A,mas_compatible,28,1028,60,3540,0.76051,0.010169,1.0,0.750341,-0.23949,0.003144,-0.000302,0.0,0.003446,0.003144
1A,mas_compatible,29,1029,60,3540,0.763724,0.011299,1.0,0.752425,-0.236276,0.006358,0.000828,0.0,0.00553,0.006358
1A,mas_compatible,30,1030,60,3540,0.761801,0.012429,1.0,0.749372,-0.238199,0.004435,0.001958,0.0,0.002477,0.004435
1A,mas_compatible,31,1031,60,3540,0.76494,0.00791,1.0,0.75703,-0.23506,0.007574,-0.002561,0.0,0.010135,0.007574
1A,mas_compatible,32,1032,60,3540,0.76671,0.013559,1.0,0.753151,-0.23329,0.009344,0.003088,0.0,0.006256,0.009344
1A,mas_compatible,33,1033,60,3540,0.760065,0.011299,1.0,0.748765,-0.239935,0.002699,0.000828,0.0,0.00187,0.002699
1A,mas_compatible,34,1034,60,3540,0.758036,0.00904,1.0,0.748997,-0.241964,0.00067,-0.001431,0.0,0.002102,0.00067
1A,mas_compatible,35,1035,60,3540,0.76657,0.012429,1.0,0.75414,-0.23343,0.009204,0.001958,0.0,0.007245,0.009204
1A,mas_compatible,36,1036,60,3540,0.765269,0.012429,1.0,0.75284,-0.234731,0.007903,0.001958,0.0,0.005945,0.007903
1A,mas_compatible,37,1037,60,3540,0.766876,0.013559,1.0,0.753317,-0.233124,0.00951,0.003088,0.0,0.006422,0.00951
1A,mas_compatible,38,1038,60,3540,0.764528,0.010169,1.0,0.754358,-0.235472,0.007162,-0.000302,0.0,0.007463,0.007162
1A,mas_compatible,39,1039,60,3540,0.760468,0.00904,1.0,0.751429,-0.239532,0.003102,-0.001431,0.0,0.004534,0.003102
1A,mas_compatible,40,1040,60,3540,0.762251,0.00904,1.0,0.753212,-0.237749,0.004885,-0.001431,0.0,0.006317,0.004885
1A,mas_compatible,41,1041,60,3540,0.767416,0.013559,1.0,0.753856,-0.232584,0.01005,0.003088,0.0,0.006961,0.01005
1A,mas_compatible,42,1042,60,3540,0.767096,0.010169,1.0,0.756927,-0.232904,0.00973,-0.000302,0.0,0.010032,0.00973
1A,mas_compatible,43,1043,60,3540,0.761449,0.015819,1.0,0.74563,-0.238551,0.004083,0.005348,0.0,-0.001265,0.004083
1A,mas_compatible,44,1044,60,3540,0.756551,0.010169,1.0,0.746382,-0.243449,-0.000815,-0.000302,0.0,-0.000513,-0.000815
1A,mas_compatible,45,1045,60,3540,0.758425,0.00904,1.0,0.749386,-0.241575,0.001059,-0.001431,0.0,0.002491,0.001059
1A,mas_compatible,46,1046,60,3540,0.756921,0.00452,1.0,0.752401,-0.243079,-0.000445,-0.005951,0.0,0.005506,-0.000445
1A,mas_compatible,47,1047,60,3540,0.762254,0.011299,1.0,0.750955,-0.237746,0.004888,0.000828,0.0,0.00406,0.004888
1A,mas_compatible,48,1048,60,3540,0.762656,0.010169,1.0,0.752486,-0.237344,0.00529,-0.000302,0.0,0.005591,0.00529
1A,mas_compatible,49,1049,60,3540,0.765068,0.011299,1.0,0.753769,-0.234932,0.007702,0.000828,0.0,0.006874,0.007702
1A,mas_compatible,50,1050,60,3540,0.759818,0.011299,1.0,0.748519,-0.240182,0.002452,0.000828,0.0,0.001624,0.002452
1A,mas_compatible,51,1051,60,3540,0.761045,0.00904,1.0,0.752006,-0.238955,0.003679,-0.001431,0.0,0.005111,0.003679
1A,mas_compatible,52,1052,60,3540,0.759932,0.012429,1.0,0.747502,-0.240068,0.002566,0.001958,0.0,0.000607,0.002566
1A,mas_compatible,53,1053,60,3540,0.764476,0.00791,1.0,0.756566,-0.235524,0.00711,-0.002561,0.0,0.009671,0.00711
1A,mas_compatible,54,1054,60,3540,0.757927,0.00791,1.0,0.750017,-0.242073,0.000561,-0.002561,0.0,0.003122,0.000561
1A,mas_compatible,55,1055,60,3540,0.764226,0.010169,1.0,0.754056,-0.235774,0.00686,-0.000302,0.0,0.007161,0.00686
1A,mas_compatible,56,1056,60,3540,0.766996,0.011299,1.0,0.755697,-0.233004,0.00963,0.000828,0.0,0.008802,0.00963
1A,mas_compatible,57,1057,60,3540,0.760329,0.011299,1.0,0.74903,-0.239671,0.002963,0.000828,0.0,0.002135,0.002963
1A,mas_compatible,58,1058,60,3540,0.760961,0.00791,1.0,0.753051,-0.239039,0.003595,-0.002561,0.0,0.006156,0.003595
1A,mas_compatible,59,1059,60,3540,0.761235,0.00791,1.0,0.753325,-0.238765,0.003869,-0.002561,0.0,0.00643,0.003869
1A,mas_compatible,60,1060,60,3540,0.759087,0.010169,1.0,0.748917,-0.240913,0.001721,-0.000302,0.0,0.002022,0.001721
1A,mas_compatible,61,1061,60,3540,0.762878,0.00678,1.0,0.756099,-0.237122,0.005512,-0.003691,0.0,0.009204,0.005512
1A,mas_compatible,62,1062,60,3540,0.757511,0.00904,1.0,0.748471,-0.242489,0.000145,-0.001431,0.0,0.001576,0.000145
1A,mas_compatible,63,1063,60,3540,0.766316,0.013559,1.0,0.752757,-0.233684,0.00895,0.003088,0.0,0.005862,0.00895
1A,mas_compatible,64,1064,60,3540,0.76211,0.010169,1.0,0.751941,-0.23789,0.004744,-0.000302,0.0,0.005046,0.004744
1A,mas_compatible,65,1065,60,3540,0.761616,0.010169,1.0,0.751446,-0.238384,0.00425,-0.000302,0.0,0.004551,0.00425
1A,mas_compatible,66,1066,60,3540,0.768407,0.011299,1.0,0.757107,-0.231593,0.011041,0.000828,0.0,0.010212,0.011041
1A,mas_compatible,67,1067,60,3540,0.759874,0.00791,1.0,0.751964,-0.240126,0.002508,-0.002561,0.0,0.005069,0.002508
1A,mas_compatible,68,1068,60,3540,0.756326,0.010169,1.0,0.746156,-0.243674,-0.00104,-0.000302,0.0,-0.000739,-0.00104
1A,mas_compatible,69,1069,60,3540,0.759291,0.00791,1.0,0.751381,-0.240709,0.001925,-0.002561,0.0,0.004486,0.001925
1A,mas_compatible,70,1070,60,3540,0.765529,0.014689,1.0,0.750839,-0.234471,0.008163,0.004218,0.0,0.003944,0.008163
1A,mas_compatible,71,1071,60,3540,0.758649,0.00791,1.0,0.75074,-0.241351,0.001283,-0.002561,0.0,0.003845,0.001283
1A,mas_compatible,72,1072,60,3540,0.760577,0.00791,1.0,0.752667,-0.239423,0.003211,-0.002561,0.0,0.005772,0.003211
1A,mas_compatible,73,1073,60,3540,0.762105,0.00791,1.0,0.754196,-0.237895,0.004739,-0.002561,0.0,0.007301,0.004739
1A,mas_compatible,74,1074,60,3540,0.757393,0.012429,1.0,0.744963,-0.242607,2.7e-05,0.001958,0.0,-0.001932,2.7e-05
1A,mas_compatible,75,1075,60,3540,0.758784,0.010169,1.0,0.748615,-0.241216,0.001418,-0.000302,0.0,0.00172,0.001418
1A,mas_compatible,76,1076,60,3540,0.763272,0.011299,1.0,0.751972,-0.236728,0.005906,0.000828,0.0,0.005077,0.005906
1A,mas_compatible,77,1077,60,3540,0.763555,0.010169,1.0,0.753386,-0.236445,0.006189,-0.000302,0.0,0.006491,0.006189
1A,mas_compatible,78,1078,60,3540,0.765298,0.011299,1.0,0.753998,-0.234702,0.007932,0.000828,0.0,0.007103,0.007932
1A,mas_compatible,79,1079,60,3540,0.766875,0.00904,1.0,0.757835,-0.233125,0.009509,-0.001431,0.0,0.01094,0.009509
1A,mas_compatible,80,1080,60,3540,0.757022,0.010169,1.0,0.746853,-0.242978,-0.000344,-0.000302,0.0,-4.2e-05,-0.000344
1A,mas_compatible,81,1081,60,3540,0.759873,0.011299,1.0,0.748574,-0.240127,0.002507,0.000828,0.0,0.001679,0.002507
1A,mas_compatible,82,1082,60,3540,0.7574,0.011299,1.0,0.7461,-0.2426,3.4e-05,0.000828,0.0,-0.000795,3.4e-05
1A,mas_compatible,83,1083,60,3540,0.764547,0.011299,1.0,0.753247,-0.235453,0.007181,0.000828,0.0,0.006352,0.007181
1A,mas_compatible,84,1084,60,3540,0.770733,0.010169,1.0,0.760563,-0.229267,0.013367,-0.000302,0.0,0.013668,0.013367
1A,mas_compatible,85,1085,60,3540,0.764624,0.011299,1.0,0.753324,-0.235376,0.007258,0.000828,0.0,0.006429,0.007258
1A,mas_compatible,86,1086,60,3540,0.758074,0.012429,1.0,0.745645,-0.241926,0.000708,0.001958,0.0,-0.00125,0.000708
1A,mas_compatible,87,1087,60,3540,0.768626,0.00904,1.0,0.759586,-0.231374,0.01126,-0.001431,0.0,0.012691,0.01126
1A,mas_compatible,88,1088,60,3540,0.761425,0.00791,1.0,0.753515,-0.238575,0.004059,-0.002561,0.0,0.00662,0.004059
1A,mas_compatible,89,1089,60,3540,0.761606,0.010169,1.0,0.751436,-0.238394,0.00424,-0.000302,0.0,0.004541,0.00424
1A,mas_compatible,90,1090,60,3540,0.763251,0.013559,1.0,0.749692,-0.236749,0.005885,0.003088,0.0,0.002797,0.005885
1A,mas_compatible,91,1091,60,3540,0.769641,0.011299,1.0,0.758342,-0.230359,0.012275,0.000828,0.0,0.011447,0.012275
1A,mas_compatible,92,1092,60,3540,0.759736,0.012429,1.0,0.747306,-0.240264,0.00237,0.001958,0.0,0.000411,0.00237
1A,mas_compatible,93,1093,60,3540,0.761538,0.00791,1.0,0.753629,-0.238462,0.004172,-0.002561,0.0,0.006734,0.004172
1A,mas_compatible,94,1094,60,3540,0.7566,0.00678,1.0,0.74982,-0.2434,-0.000766,-0.003691,0.0,0.002925,-0.000766
1A,mas_compatible,95,1095,60,3540,0.759409,0.012429,1.0,0.74698,-0.240591,0.002043,0.001958,0.0,8.5e-05,0.002043
1A,mas_compatible,96,1096,60,3540,0.756934,0.00791,1.0,0.749025,-0.243066,-0.000432,-0.002561,0.0,0.00213,-0.000432
1A,mas_compatible,97,1097,60,3540,0.760403,0.00565,1.0,0.754753,-0.239597,0.003037,-0.004821,0.0,0.007858,0.003037
1A,mas_compatible,98,1098,60,3540,0.765205,0.011299,1.0,0.753906,-0.234795,0.007839,0.000828,0.0,0.007011,0.007839
1A,mas_compatible,99,1099,60,3540,0.768741,0.012429,1.0,0.756312,-0.231259,0.011375,0.001958,0.0,0.009417,0.011375
1A,mas_compatible,100,1100,60,3540,0.762208,0.010169,1.0,0.752039,-0.237792,0.004842,-0.000302,0.0,0.005144,0.004842
