replicate,sample_seed,ghost_found,clusters,noise_models,ghost_precision,ghost_recall,exact_recovery,within_ghost_mas,ghost_to_reference_mas,ghost_to_mainstream_mas,reference_to_ghost_mas,mainstream_to_ghost_mas,within_mainstream_mas,within_ghost_mas_comparable_dyads,within_ghost_mas_unavailable_dyads,within_ghost_identified,within_ghost_identified_comparable_dyads,within_ghost_identified_unavailable_dyads,ghost_to_reference_mas_comparable_dyads,ghost_to_reference_mas_unavailable_dyads,ghost_to_mainstream_mas_comparable_dyads,ghost_to_mainstream_mas_unavailable_dyads,reference_to_ghost_mas_comparable_dyads,reference_to_ghost_mas_unavailable_dyads,mainstream_to_ghost_mas_comparable_dyads,mainstream_to_ghost_mas_unavailable_dyads,within_mainstream_mas_comparable_dyads,within_mainstream_mas_unavailable_dyads,analysis_role,sensitivity_axis,eps,min_samples,family_counts,mainstream_family_count,ghost_family_count,heterogeneous_family_count,seeded_family_total,heterogeneous_to_seeded_ratio,selected_primary_cluster_id,selected_primary_cluster_family_composition,primary_cluster_family_composition,selected_primary_cluster_size,selected_primary_cluster_ghost_count,selected_primary_cluster_mainstream_count,selected_primary_cluster_heterogeneous_count,selected_primary_cluster_false_positive_count,primary_cluster_false_positive_count,dbscan_unassigned_noise_count,dbscan_unassigned_noise_family_composition,dbscan_unassigned_mainstream_count,dbscan_unassigned_ghost_count,dbscan_unassigned_heterogeneous_count,clustered_heterogeneous_count,gate_passed,mainstream_cluster_contains_reference,mainstream_cluster_size
1,1001,True,3,0,0.857143,1.0,False,0.857143,0.0,0.0,0.0,0.0,1.0,182,0,1.0,182,0,420,0,420,0,420,0,420,0,870,0,primary_eps_reliability,eps,0.5,4,"{""ghost"": 12, ""heterogeneous"": 158, ""mainstream"": 30}",30,12,158,42,3.761905,Cluster_02,"{""ghost"": 12, ""heterogeneous"": 2, ""mainstream"": 0}","{""ghost"": 12, ""heterogeneous"": 2, ""mainstream"": 0}",14,12,0,2,2,2,0,"{""ghost"": 0, ""heterogeneous"": 0, ""mainstream"": 0}",0,0,0,158,True,True,30
2,1002,True,3,2,0.923077,1.0,False,1.0,0.0,0.0,0.0,0.0,0.935484,156,0,1.0,156,0,403,0,403,0,403,0,403,0,930,0,primary_eps_reliability,eps,0.5,4,"{""ghost"": 12, ""heterogeneous"": 158, ""mainstream"": 30}",30,12,158,42,3.761905,Cluster_02,"{""ghost"": 12, ""heterogeneous"": 1, ""mainstream"": 0}","{""ghost"": 12, ""heterogeneous"": 1, ""mainstream"": 0}",13,12,0,1,1,1,2,"{""ghost"": 0, ""heterogeneous"": 2, ""mainstream"": 0}",0,0,2,156,True,True,31
3,1003,True,3,0,1.0,1.0,True,1.0,0.0,0.0,0.0,0.0,1.0,132,0,1.0,132,0,372,0,372,0,372,0,372,0,930,0,primary_eps_reliability,eps,0.5,4,"{""ghost"": 12, ""heterogeneous"": 158, ""mainstream"": 30}",30,12,158,42,3.761905,Cluster_02,"{""ghost"": 12, ""heterogeneous"": 0, ""mainstream"": 0}","{""ghost"": 12, ""heterogeneous"": 0, ""mainstream"": 0}",12,12,0,0,0,0,0,"{""ghost"": 0, ""heterogeneous"": 0, ""mainstream"": 0}",0,0,0,158,True,True,31
4,1004,True,3,0,0.923077,1.0,False,1.0,0.0,0.0,0.0,0.0,1.0,156,0,1.0,156,0,390,0,390,0,390,0,390,0,870,0,primary_eps_reliability,eps,0.5,4,"{""ghost"": 12, ""heterogeneous"": 158, ""mainstream"": 30}",30,12,158,42,3.761905,Cluster_02,"{""ghost"": 12, ""heterogeneous"": 1, ""mainstream"": 0}","{""ghost"": 12, ""heterogeneous"": 1, ""mainstream"": 0}",13,12,0,1,1,1,0,"{""ghost"": 0, ""heterogeneous"": 0, ""mainstream"": 0}",0,0,0,158,True,True,30
5,1005,True,4,0,0.923077,1.0,False,0.846154,0.0,0.0,0.0,0.0,1.0,156,0,1.0,156,0,403,0,403,0,403,0,403,0,930,0,primary_eps_reliability,eps,0.5,4,"{""ghost"": 12, ""heterogeneous"": 158, ""mainstream"": 30}",30,12,158,42,3.761905,Cluster_02,"{""ghost"": 12, ""heterogeneous"": 1, ""mainstream"": 0}","{""ghost"": 12, ""heterogeneous"": 1, ""mainstream"": 0}",13,12,0,1,1,1,0,"{""ghost"": 0, ""heterogeneous"": 0, ""mainstream"": 0}",0,0,0,158,True,True,31
6,1006,True,3,0,1.0,1.0,True,1.0,0.0,0.0,0.0,0.0,1.0,132,0,1.0,132,0,360,0,360,0,360,0,360,0,870,0,primary_eps_reliability,eps,0.5,4,"{""ghost"": 12, ""heterogeneous"": 158, ""mainstream"": 30}",30,12,158,42,3.761905,Cluster_02,"{""ghost"": 12, ""heterogeneous"": 0, ""mainstream"": 0}","{""ghost"": 12, ""heterogeneous"": 0, ""mainstream"": 0}",12,12,0,0,0,0,0,"{""ghost"": 0, ""heterogeneous"": 0, ""mainstream"": 0}",0,0,0,158,True,True,30
7,1007,True,3,0,1.0,1.0,True,1.0,0.0,0.0,0.0,0.0,1.0,132,0,1.0,132,0,360,0,360,0,360,0,360,0,870,0,primary_eps_reliability,eps,0.5,4,"{""ghost"": 12, ""heterogeneous"": 158, ""mainstream"": 30}",30,12,158,42,3.761905,Cluster_02,"{""ghost"": 12, ""heterogeneous"": 0, ""mainstream"": 0}","{""ghost"": 12, ""heterogeneous"": 0, ""mainstream"": 0}",12,12,0,0,0,0,0,"{""ghost"": 0, ""heterogeneous"": 0, ""mainstream"": 0}",0,0,0,158,True,True,30
8,1008,True,3,0,1.0,1.0,True,1.0,0.0,0.0,0.0,0.0,1.0,132,0,1.0,132,0,360,0,360,0,360,0,360,0,870,0,primary_eps_reliability,eps,0.5,4,"{""ghost"": 12, ""heterogeneous"": 158, ""mainstream"": 30}",30,12,158,42,3.761905,Cluster_02,"{""ghost"": 12, ""heterogeneous"": 0, ""mainstream"": 0}","{""ghost"": 12, ""heterogeneous"": 0, ""mainstream"": 0}",12,12,0,0,0,0,0,"{""ghost"": 0, ""heterogeneous"": 0, ""mainstream"": 0}",0,0,0,158,True,True,30
9,1009,True,3,0,0.857143,1.0,False,0.725275,0.071429,0.071429,0.071429,0.071429,1.0,182,0,1.0,182,0,420,0,420,0,420,0,420,0,870,0,primary_eps_reliability,eps,0.5,4,"{""ghost"": 12, ""heterogeneous"": 158, ""mainstream"": 30}",30,12,158,42,3.761905,Cluster_02,"{""ghost"": 12, ""heterogeneous"": 2, ""mainstream"": 0}","{""ghost"": 12, ""heterogeneous"": 2, ""mainstream"": 0}",14,12,0,2,2,2,0,"{""ghost"": 0, ""heterogeneous"": 0, ""mainstream"": 0}",0,0,0,158,True,True,30
10,1010,True,3,0,1.0,1.0,True,1.0,0.0,0.0,0.0,0.0,1.0,132,0,1.0,132,0,360,0,360,0,360,0,360,0,870,0,primary_eps_reliability,eps,0.5,4,"{""ghost"": 12, ""heterogeneous"": 158, ""mainstream"": 30}",30,12,158,42,3.761905,Cluster_02,"{""ghost"": 12, ""heterogeneous"": 0, ""mainstream"": 0}","{""ghost"": 12, ""heterogeneous"": 0, ""mainstream"": 0}",12,12,0,0,0,0,0,"{""ghost"": 0, ""heterogeneous"": 0, ""mainstream"": 0}",0,0,0,158,True,True,30
11,1011,True,3,0,0.923077,1.0,False,1.0,0.0,0.0,0.0,0.0,1.0,156,0,1.0,156,0,390,0,390,0,390,0,390,0,870,0,primary_eps_reliability,eps,0.5,4,"{""ghost"": 12, ""heterogeneous"": 158, ""mainstream"": 30}",30,12,158,42,3.761905,Cluster_02,"{""ghost"": 12, ""heterogeneous"": 1, ""mainstream"": 0}","{""ghost"": 12, ""heterogeneous"": 1, ""mainstream"": 0}",13,12,0,1,1,1,0,"{""ghost"": 0, ""heterogeneous"": 0, ""mainstream"": 0}",0,0,0,158,True,True,30
12,1012,True,3,0,0.923077,1.0,False,0.846154,0.076923,0.076923,0.076923,0.076923,1.0,156,0,1.0,156,0,390,0,390,0,390,0,390,0,870,0,primary_eps_reliability,eps,0.5,4,"{""ghost"": 12, ""heterogeneous"": 158, ""mainstream"": 30}",30,12,158,42,3.761905,Cluster_02,"{""ghost"": 12, ""heterogeneous"": 1, ""mainstream"": 0}","{""ghost"": 12, ""heterogeneous"": 1, ""mainstream"": 0}",13,12,0,1,1,1,0,"{""ghost"": 0, ""heterogeneous"": 0, ""mainstream"": 0}",0,0,0,158,True,True,30
13,1013,True,3,1,0.923077,1.0,False,0.846154,0.076923,0.076923,0.076923,0.076923,1.0,156,0,1.0,156,0,390,0,390,0,390,0,390,0,870,0,primary_eps_reliability,eps,0.5,4,"{""ghost"": 12, ""heterogeneous"": 158, ""mainstream"": 30}",30,12,158,42,3.761905,Cluster_02,"{""ghost"": 12, ""heterogeneous"": 1, ""mainstream"": 0}","{""ghost"": 12, ""heterogeneous"": 1, ""mainstream"": 0}",13,12,0,1,1,1,1,"{""ghost"": 0, ""heterogeneous"": 1, ""mainstream"": 0}",0,0,1,157,True,True,30
14,1014,True,3,0,1.0,1.0,True,1.0,0.0,0.0,0.0,0.0,1.0,132,0,1.0,132,0,360,0,360,0,360,0,360,0,870,0,primary_eps_reliability,eps,0.5,4,"{""ghost"": 12, ""heterogeneous"": 158, ""mainstream"": 30}",30,12,158,42,3.761905,Cluster_02,"{""ghost"": 12, ""heterogeneous"": 0, ""mainstream"": 0}","{""ghost"": 12, ""heterogeneous"": 0, ""mainstream"": 0}",12,12,0,0,0,0,0,"{""ghost"": 0, ""heterogeneous"": 0, ""mainstream"": 0}",0,0,0,158,True,True,30
15,1015,True,3,0,1.0,1.0,True,1.0,0.032258,0.032258,0.032258,0.032258,0.935484,132,0,1.0,132,0,372,0,372,0,372,0,372,0,930,0,primary_eps_reliability,eps,0.5,4,"{""ghost"": 12, ""heterogeneous"": 158, ""mainstream"": 30}",30,12,158,42,3.761905,Cluster_02,"{""ghost"": 12, ""heterogeneous"": 0, ""mainstream"": 0}","{""ghost"": 12, ""heterogeneous"": 0, ""mainstream"": 0}",12,12,0,0,0,0,0,"{""ghost"": 0, ""heterogeneous"": 0, ""mainstream"": 0}",0,0,0,158,True,True,31
16,1016,True,3,0,0.923077,1.0,False,1.0,0.0,0.0,0.0,0.0,1.0,156,0,1.0,156,0,390,0,390,0,390,0,390,0,870,0,primary_eps_reliability,eps,0.5,4,"{""ghost"": 12, ""heterogeneous"": 158, ""mainstream"": 30}",30,12,158,42,3.761905,Cluster_02,"{""ghost"": 12, ""heterogeneous"": 1, ""mainstream"": 0}","{""ghost"": 12, ""heterogeneous"": 1, ""mainstream"": 0}",13,12,0,1,1,1,0,"{""ghost"": 0, ""heterogeneous"": 0, ""mainstream"": 0}",0,0,0,158,True,True,30
17,1017,True,3,0,1.0,1.0,True,1.0,0.0,0.0,0.0,0.0,1.0,132,0,1.0,132,0,360,0,360,0,360,0,360,0,870,0,primary_eps_reliability,eps,0.5,4,"{""ghost"": 12, ""heterogeneous"": 158, ""mainstream"": 30}",30,12,158,42,3.761905,Cluster_02,"{""ghost"": 12, ""heterogeneous"": 0, ""mainstream"": 0}","{""ghost"": 12, ""heterogeneous"": 0, ""mainstream"": 0}",12,12,0,0,0,0,0,"{""ghost"": 0, ""heterogeneous"": 0, ""mainstream"": 0}",0,0,0,158,True,True,30
18,1018,True,3,2,0.923077,1.0,False,0.846154,0.0,0.0,0.0,0.0,1.0,156,0,1.0,156,0,390,0,390,0,390,0,390,0,870,0,primary_eps_reliability,eps,0.5,4,"{""ghost"": 12, ""heterogeneous"": 158, ""mainstream"": 30}",30,12,158,42,3.761905,Cluster_02,"{""ghost"": 12, ""heterogeneous"": 1, ""mainstream"": 0}","{""ghost"": 12, ""heterogeneous"": 1, ""mainstream"": 0}",13,12,0,1,1,1,2,"{""ghost"": 0, ""heterogeneous"": 2, ""mainstream"": 0}",0,0,2,156,True,True,30
19,1019,True,3,0,1.0,1.0,True,1.0,0.0,0.0,0.0,0.0,1.0,132,0,1.0,132,0,360,0,360,0,360,0,360,0,870,0,primary_eps_reliability,eps,0.5,4,"{""ghost"": 12, ""heterogeneous"": 158, ""mainstream"": 30}",30,12,158,42,3.761905,Cluster_02,"{""ghost"": 12, ""heterogeneous"": 0, ""mainstream"": 0}","{""ghost"": 12, ""heterogeneous"": 0, ""mainstream"": 0}",12,12,0,0,0,0,0,"{""ghost"": 0, ""heterogeneous"": 0, ""mainstream"": 0}",0,0,0,158,True,True,30
20,1020,True,3,0,1.0,1.0,True,1.0,0.0,0.0,0.0,0.0,1.0,132,0,1.0,132,0,360,0,360,0,360,0,360,0,870,0,primary_eps_reliability,eps,0.5,4,"{""ghost"": 12, ""heterogeneous"": 158, ""mainstream"": 30}",30,12,158,42,3.761905,Cluster_02,"{""ghost"": 12, ""heterogeneous"": 0, ""mainstream"": 0}","{""ghost"": 12, ""heterogeneous"": 0, ""mainstream"": 0}",12,12,0,0,0,0,0,"{""ghost"": 0, ""heterogeneous"": 0, ""mainstream"": 0}",0,0,0,158,True,True,30
21,1021,True,3,0,1.0,1.0,True,1.0,0.0,0.0,0.0,0.0,1.0,132,0,1.0,132,0,372,0,372,0,372,0,372,0,930,0,primary_eps_reliability,eps,0.5,4,"{""ghost"": 12, ""heterogeneous"": 158, ""mainstream"": 30}",30,12,158,42,3.761905,Cluster_02,"{""ghost"": 12, ""heterogeneous"": 0, ""mainstream"": 0}","{""ghost"": 12, ""heterogeneous"": 0, ""mainstream"": 0}",12,12,0,0,0,0,0,"{""ghost"": 0, ""heterogeneous"": 0, ""mainstream"": 0}",0,0,0,158,True,True,31
22,1022,True,3,0,0.923077,1.0,False,0.846154,0.076923,0.076923,0.076923,0.076923,1.0,156,0,1.0,156,0,416,0,416,0,416,0,416,0,992,0,primary_eps_reliability,eps,0.5,4,"{""ghost"": 12, ""heterogeneous"": 158, ""mainstream"": 30}",30,12,158,42,3.761905,Cluster_02,"{""ghost"": 12, ""heterogeneous"": 1, ""mainstream"": 0}","{""ghost"": 12, ""heterogeneous"": 1, ""mainstream"": 0}",13,12,0,1,1,1,0,"{""ghost"": 0, ""heterogeneous"": 0, ""mainstream"": 0}",0,0,0,158,True,True,32
23,1023,True,3,0,1.0,1.0,True,1.0,0.0,0.0,0.0,0.0,1.0,132,0,1.0,132,0,360,0,360,0,360,0,360,0,870,0,primary_eps_reliability,eps,0.5,4,"{""ghost"": 12, ""heterogeneous"": 158, ""mainstream"": 30}",30,12,158,42,3.761905,Cluster_02,"{""ghost"": 12, ""heterogeneous"": 0, ""mainstream"": 0}","{""ghost"": 12, ""heterogeneous"": 0, ""mainstream"": 0}",12,12,0,0,0,0,0,"{""ghost"": 0, ""heterogeneous"": 0, ""mainstream"": 0}",0,0,0,158,True,True,30
24,1024,True,3,0,1.0,1.0,True,1.0,0.0,0.0,0.0,0.0,1.0,132,0,1.0,132,0,372,0,372,0,372,0,372,0,930,0,primary_eps_reliability,eps,0.5,4,"{""ghost"": 12, ""heterogeneous"": 158, ""mainstream"": 30}",30,12,158,42,3.761905,Cluster_02,"{""ghost"": 12, ""heterogeneous"": 0, ""mainstream"": 0}","{""ghost"": 12, ""heterogeneous"": 0, ""mainstream"": 0}",12,12,0,0,0,0,0,"{""ghost"": 0, ""heterogeneous"": 0, ""mainstream"": 0}",0,0,0,158,True,True,31
25,1025,True,3,0,0.923077,1.0,False,1.0,0.0,0.0,0.0,0.0,1.0,156,0,1.0,156,0,390,0,390,0,390,0,390,0,870,0,primary_eps_reliability,eps,0.5,4,"{""ghost"": 12, ""heterogeneous"": 158, ""mainstream"": 30}",30,12,158,42,3.761905,Cluster_02,"{""ghost"": 12, ""heterogeneous"": 1, ""mainstream"": 0}","{""ghost"": 12, ""heterogeneous"": 1, ""mainstream"": 0}",13,12,0,1,1,1,0,"{""ghost"": 0, ""heterogeneous"": 0, ""mainstream"": 0}",0,0,0,158,True,True,30
26,1026,True,3,0,1.0,1.0,True,1.0,0.0,0.0,0.0,0.0,1.0,132,0,1.0,132,0,360,0,360,0,360,0,360,0,870,0,primary_eps_reliability,eps,0.5,4,"{""ghost"": 12, ""heterogeneous"": 158, ""mainstream"": 30}",30,12,158,42,3.761905,Cluster_02,"{""ghost"": 12, ""heterogeneous"": 0, ""mainstream"": 0}","{""ghost"": 12, ""heterogeneous"": 0, ""mainstream"": 0}",12,12,0,0,0,0,0,"{""ghost"": 0, ""heterogeneous"": 0, ""mainstream"": 0}",0,0,0,158,True,True,30
27,1027,True,3,0,0.923077,1.0,False,0.846154,0.0,0.0,0.0,0.0,1.0,156,0,1.0,156,0,390,0,390,0,390,0,390,0,870,0,primary_eps_reliability,eps,0.5,4,"{""ghost"": 12, ""heterogeneous"": 158, ""mainstream"": 30}",30,12,158,42,3.761905,Cluster_02,"{""ghost"": 12, ""heterogeneous"": 1, ""mainstream"": 0}","{""ghost"": 12, ""heterogeneous"": 1, ""mainstream"": 0}",13,12,0,1,1,1,0,"{""ghost"": 0, ""heterogeneous"": 0, ""mainstream"": 0}",0,0,0,158,True,True,30
28,1028,True,3,0,1.0,1.0,True,1.0,0.0,0.0,0.0,0.0,1.0,132,0,1.0,132,0,372,0,372,0,372,0,372,0,930,0,primary_eps_reliability,eps,0.5,4,"{""ghost"": 12, ""heterogeneous"": 158, ""mainstream"": 30}",30,12,158,42,3.761905,Cluster_02,"{""ghost"": 12, ""heterogeneous"": 0, ""mainstream"": 0}","{""ghost"": 12, ""heterogeneous"": 0, ""mainstream"": 0}",12,12,0,0,0,0,0,"{""ghost"": 0, ""heterogeneous"": 0, ""mainstream"": 0}",0,0,0,158,True,True,31
29,1029,True,3,0,1.0,1.0,True,1.0,0.0,0.0,0.0,0.0,1.0,132,0,1.0,132,0,360,0,360,0,360,0,360,0,870,0,primary_eps_reliability,eps,0.5,4,"{""ghost"": 12, ""heterogeneous"": 158, ""mainstream"": 30}",30,12,158,42,3.761905,Cluster_02,"{""ghost"": 12, ""heterogeneous"": 0, ""mainstream"": 0}","{""ghost"": 12, ""heterogeneous"": 0, ""mainstream"": 0}",12,12,0,0,0,0,0,"{""ghost"": 0, ""heterogeneous"": 0, ""mainstream"": 0}",0,0,0,158,True,True,30
30,1030,True,3,0,1.0,1.0,True,1.0,0.0,0.0,0.0,0.0,1.0,132,0,1.0,132,0,360,0,360,0,360,0,360,0,870,0,primary_eps_reliability,eps,0.5,4,"{""ghost"": 12, ""heterogeneous"": 158, ""mainstream"": 30}",30,12,158,42,3.761905,Cluster_02,"{""ghost"": 12, ""heterogeneous"": 0, ""mainstream"": 0}","{""ghost"": 12, ""heterogeneous"": 0, ""mainstream"": 0}",12,12,0,0,0,0,0,"{""ghost"": 0, ""heterogeneous"": 0, ""mainstream"": 0}",0,0,0,158,True,True,30
31,1031,True,3,0,1.0,1.0,True,1.0,0.0,0.0,0.0,0.0,1.0,132,0,1.0,132,0,360,0,360,0,360,0,360,0,870,0,primary_eps_reliability,eps,0.5,4,"{""ghost"": 12, ""heterogeneous"": 158, ""mainstream"": 30}",30,12,158,42,3.761905,Cluster_02,"{""ghost"": 12, ""heterogeneous"": 0, ""mainstream"": 0}","{""ghost"": 12, ""heterogeneous"": 0, ""mainstream"": 0}",12,12,0,0,0,0,0,"{""ghost"": 0, ""heterogeneous"": 0, ""mainstream"": 0}",0,0,0,158,True,True,30
32,1032,True,4,0,1.0,1.0,True,1.0,0.0,0.0,0.0,0.0,1.0,132,0,1.0,132,0,360,0,360,0,360,0,360,0,870,0,primary_eps_reliability,eps,0.5,4,"{""ghost"": 12, ""heterogeneous"": 158, ""mainstream"": 30}",30,12,158,42,3.761905,Cluster_02,"{""ghost"": 12, ""heterogeneous"": 0, ""mainstream"": 0}","{""ghost"": 12, ""heterogeneous"": 0, ""mainstream"": 0}",12,12,0,0,0,0,0,"{""ghost"": 0, ""heterogeneous"": 0, ""mainstream"": 0}",0,0,0,158,True,True,30
33,1033,True,3,0,1.0,1.0,True,1.0,0.0,0.0,0.0,0.0,1.0,132,0,1.0,132,0,360,0,360,0,360,0,360,0,870,0,primary_eps_reliability,eps,0.5,4,"{""ghost"": 12, ""heterogeneous"": 158, ""mainstream"": 30}",30,12,158,42,3.761905,Cluster_02,"{""ghost"": 12, ""heterogeneous"": 0, ""mainstream"": 0}","{""ghost"": 12, ""heterogeneous"": 0, ""mainstream"": 0}",12,12,0,0,0,0,0,"{""ghost"": 0, ""heterogeneous"": 0, ""mainstream"": 0}",0,0,0,158,True,True,30
34,1034,True,3,0,0.923077,1.0,False,1.0,0.0,0.0,0.0,0.0,1.0,156,0,1.0,156,0,390,0,390,0,390,0,390,0,870,0,primary_eps_reliability,eps,0.5,4,"{""ghost"": 12, ""heterogeneous"": 158, ""mainstream"": 30}",30,12,158,42,3.761905,Cluster_02,"{""ghost"": 12, ""heterogeneous"": 1, ""mainstream"": 0}","{""ghost"": 12, ""heterogeneous"": 1, ""mainstream"": 0}",13,12,0,1,1,1,0,"{""ghost"": 0, ""heterogeneous"": 0, ""mainstream"": 0}",0,0,0,158,True,True,30
35,1035,True,3,2,1.0,1.0,True,1.0,0.0,0.0,0.0,0.0,1.0,132,0,1.0,132,0,372,0,372,0,372,0,372,0,930,0,primary_eps_reliability,eps,0.5,4,"{""ghost"": 12, ""heterogeneous"": 158, ""mainstream"": 30}",30,12,158,42,3.761905,Cluster_02,"{""ghost"": 12, ""heterogeneous"": 0, ""mainstream"": 0}","{""ghost"": 12, ""heterogeneous"": 0, ""mainstream"": 0}",12,12,0,0,0,0,2,"{""ghost"": 0, ""heterogeneous"": 2, ""mainstream"": 0}",0,0,2,156,True,True,31
36,1036,True,3,2,1.0,1.0,True,1.0,0.0,0.0,0.0,0.0,1.0,132,0,1.0,132,0,360,0,360,0,360,0,360,0,870,0,primary_eps_reliability,eps,0.5,4,"{""ghost"": 12, ""heterogeneous"": 158, ""mainstream"": 30}",30,12,158,42,3.761905,Cluster_02,"{""ghost"": 12, ""heterogeneous"": 0, ""mainstream"": 0}","{""ghost"": 12, ""heterogeneous"": 0, ""mainstream"": 0}",12,12,0,0,0,0,2,"{""ghost"": 0, ""heterogeneous"": 2, ""mainstream"": 0}",0,0,2,156,True,True,30
37,1037,True,3,0,0.857143,1.0,False,0.857143,0.0,0.0,0.0,0.0,1.0,182,0,1.0,182,0,420,0,420,0,420,0,420,0,870,0,primary_eps_reliability,eps,0.5,4,"{""ghost"": 12, ""heterogeneous"": 158, ""mainstream"": 30}",30,12,158,42,3.761905,Cluster_02,"{""ghost"": 12, ""heterogeneous"": 2, ""mainstream"": 0}","{""ghost"": 12, ""heterogeneous"": 2, ""mainstream"": 0}",14,12,0,2,2,2,0,"{""ghost"": 0, ""heterogeneous"": 0, ""mainstream"": 0}",0,0,0,158,True,True,30
38,1038,True,3,0,1.0,1.0,True,1.0,0.0,0.0,0.0,0.0,0.935484,132,0,1.0,132,0,372,0,372,0,372,0,372,0,930,0,primary_eps_reliability,eps,0.5,4,"{""ghost"": 12, ""heterogeneous"": 158, ""mainstream"": 30}",30,12,158,42,3.761905,Cluster_02,"{""ghost"": 12, ""heterogeneous"": 0, ""mainstream"": 0}","{""ghost"": 12, ""heterogeneous"": 0, ""mainstream"": 0}",12,12,0,0,0,0,0,"{""ghost"": 0, ""heterogeneous"": 0, ""mainstream"": 0}",0,0,0,158,True,True,31
39,1039,True,3,0,0.923077,1.0,False,1.0,0.0,0.0,0.0,0.0,1.0,156,0,1.0,156,0,390,0,390,0,390,0,390,0,870,0,primary_eps_reliability,eps,0.5,4,"{""ghost"": 12, ""heterogeneous"": 158, ""mainstream"": 30}",30,12,158,42,3.761905,Cluster_02,"{""ghost"": 12, ""heterogeneous"": 1, ""mainstream"": 0}","{""ghost"": 12, ""heterogeneous"": 1, ""mainstream"": 0}",13,12,0,1,1,1,0,"{""ghost"": 0, ""heterogeneous"": 0, ""mainstream"": 0}",0,0,0,158,True,True,30
40,1040,True,3,0,0.923077,1.0,False,0.846154,0.0,0.0,0.0,0.0,1.0,156,0,1.0,156,0,390,0,390,0,390,0,390,0,870,0,primary_eps_reliability,eps,0.5,4,"{""ghost"": 12, ""heterogeneous"": 158, ""mainstream"": 30}",30,12,158,42,3.761905,Cluster_02,"{""ghost"": 12, ""heterogeneous"": 1, ""mainstream"": 0}","{""ghost"": 12, ""heterogeneous"": 1, ""mainstream"": 0}",13,12,0,1,1,1,0,"{""ghost"": 0, ""heterogeneous"": 0, ""mainstream"": 0}",0,0,0,158,True,True,30
41,1041,True,3,0,1.0,1.0,True,1.0,0.0,0.0,0.0,0.0,1.0,132,0,1.0,132,0,360,0,360,0,360,0,360,0,870,0,primary_eps_reliability,eps,0.5,4,"{""ghost"": 12, ""heterogeneous"": 158, ""mainstream"": 30}",30,12,158,42,3.761905,Cluster_02,"{""ghost"": 12, ""heterogeneous"": 0, ""mainstream"": 0}","{""ghost"": 12, ""heterogeneous"": 0, ""mainstream"": 0}",12,12,0,0,0,0,0,"{""ghost"": 0, ""heterogeneous"": 0, ""mainstream"": 0}",0,0,0,158,True,True,30
42,1042,True,3,0,1.0,1.0,True,1.0,0.0,0.0,0.0,0.0,1.0,132,0,1.0,132,0,360,0,360,0,360,0,360,0,870,0,primary_eps_reliability,eps,0.5,4,"{""ghost"": 12, ""heterogeneous"": 158, ""mainstream"": 30}",30,12,158,42,3.761905,Cluster_02,"{""ghost"": 12, ""heterogeneous"": 0, ""mainstream"": 0}","{""ghost"": 12, ""heterogeneous"": 0, ""mainstream"": 0}",12,12,0,0,0,0,0,"{""ghost"": 0, ""heterogeneous"": 0, ""mainstream"": 0}",0,0,0,158,True,True,30
43,1043,True,3,0,1.0,1.0,True,1.0,0.0,0.0,0.0,0.0,1.0,132,0,1.0,132,0,360,0,360,0,360,0,360,0,870,0,primary_eps_reliability,eps,0.5,4,"{""ghost"": 12, ""heterogeneous"": 158, ""mainstream"": 30}",30,12,158,42,3.761905,Cluster_02,"{""ghost"": 12, ""heterogeneous"": 0, ""mainstream"": 0}","{""ghost"": 12, ""heterogeneous"": 0, ""mainstream"": 0}",12,12,0,0,0,0,0,"{""ghost"": 0, ""heterogeneous"": 0, ""mainstream"": 0}",0,0,0,158,True,True,30
44,1044,True,3,0,0.923077,1.0,False,0.846154,0.0,0.0,0.0,0.0,1.0,156,0,1.0,156,0,390,0,390,0,390,0,390,0,870,0,primary_eps_reliability,eps,0.5,4,"{""ghost"": 12, ""heterogeneous"": 158, ""mainstream"": 30}",30,12,158,42,3.761905,Cluster_02,"{""ghost"": 12, ""heterogeneous"": 1, ""mainstream"": 0}","{""ghost"": 12, ""heterogeneous"": 1, ""mainstream"": 0}",13,12,0,1,1,1,0,"{""ghost"": 0, ""heterogeneous"": 0, ""mainstream"": 0}",0,0,0,158,True,True,30
45,1045,True,3,0,1.0,1.0,True,1.0,0.0,0.0,0.0,0.0,1.0,132,0,1.0,132,0,360,0,360,0,360,0,360,0,870,0,primary_eps_reliability,eps,0.5,4,"{""ghost"": 12, ""heterogeneous"": 158, ""mainstream"": 30}",30,12,158,42,3.761905,Cluster_02,"{""ghost"": 12, ""heterogeneous"": 0, ""mainstream"": 0}","{""ghost"": 12, ""heterogeneous"": 0, ""mainstream"": 0}",12,12,0,0,0,0,0,"{""ghost"": 0, ""heterogeneous"": 0, ""mainstream"": 0}",0,0,0,158,True,True,30
46,1046,True,3,0,0.923077,1.0,False,1.0,0.0,0.0,0.0,0.0,1.0,156,0,1.0,156,0,390,0,390,0,390,0,390,0,870,0,primary_eps_reliability,eps,0.5,4,"{""ghost"": 12, ""heterogeneous"": 158, ""mainstream"": 30}",30,12,158,42,3.761905,Cluster_02,"{""ghost"": 12, ""heterogeneous"": 1, ""mainstream"": 0}","{""ghost"": 12, ""heterogeneous"": 1, ""mainstream"": 0}",13,12,0,1,1,1,0,"{""ghost"": 0, ""heterogeneous"": 0, ""mainstream"": 0}",0,0,0,158,True,True,30
47,1047,True,3,0,0.923077,1.0,False,1.0,0.0,0.0,0.0,0.0,1.0,156,0,1.0,156,0,390,0,390,0,390,0,390,0,870,0,primary_eps_reliability,eps,0.5,4,"{""ghost"": 12, ""heterogeneous"": 158, ""mainstream"": 30}",30,12,158,42,3.761905,Cluster_02,"{""ghost"": 12, ""heterogeneous"": 1, ""mainstream"": 0}","{""ghost"": 12, ""heterogeneous"": 1, ""mainstream"": 0}",13,12,0,1,1,1,0,"{""ghost"": 0, ""heterogeneous"": 0, ""mainstream"": 0}",0,0,0,158,True,True,30
48,1048,True,3,1,1.0,1.0,True,1.0,0.0,0.0,0.0,0.0,1.0,132,0,1.0,132,0,360,0,360,0,360,0,360,0,870,0,primary_eps_reliability,eps,0.5,4,"{""ghost"": 12, ""heterogeneous"": 158, ""mainstream"": 30}",30,12,158,42,3.761905,Cluster_02,"{""ghost"": 12, ""heterogeneous"": 0, ""mainstream"": 0}","{""ghost"": 12, ""heterogeneous"": 0, ""mainstream"": 0}",12,12,0,0,0,0,1,"{""ghost"": 0, ""heterogeneous"": 1, ""mainstream"": 0}",0,0,1,157,True,True,30
49,1049,True,3,0,1.0,1.0,True,1.0,0.0,0.0,0.0,0.0,1.0,132,0,1.0,132,0,360,0,360,0,360,0,360,0,870,0,primary_eps_reliability,eps,0.5,4,"{""ghost"": 12, ""heterogeneous"": 158, ""mainstream"": 30}",30,12,158,42,3.761905,Cluster_02,"{""ghost"": 12, ""heterogeneous"": 0, ""mainstream"": 0}","{""ghost"": 12, ""heterogeneous"": 0, ""mainstream"": 0}",12,12,0,0,0,0,0,"{""ghost"": 0, ""heterogeneous"": 0, ""mainstream"": 0}",0,0,0,158,True,True,30
50,1050,True,3,0,0.923077,1.0,False,0.846154,0.0,0.0,0.0,0.0,0.935484,156,0,1.0,156,0,403,0,403,0,403,0,403,0,930,0,primary_eps_reliability,eps,0.5,4,"{""ghost"": 12, ""heterogeneous"": 158, ""mainstream"": 30}",30,12,158,42,3.761905,Cluster_02,"{""ghost"": 12, ""heterogeneous"": 1, ""mainstream"": 0}","{""ghost"": 12, ""heterogeneous"": 1, ""mainstream"": 0}",13,12,0,1,1,1,0,"{""ghost"": 0, ""heterogeneous"": 0, ""mainstream"": 0}",0,0,0,158,True,True,31
51,1051,True,3,0,1.0,1.0,True,1.0,0.0,0.0,0.0,0.0,1.0,132,0,1.0,132,0,360,0,360,0,360,0,360,0,870,0,primary_eps_reliability,eps,0.5,4,"{""ghost"": 12, ""heterogeneous"": 158, ""mainstream"": 30}",30,12,158,42,3.761905,Cluster_02,"{""ghost"": 12, ""heterogeneous"": 0, ""mainstream"": 0}","{""ghost"": 12, ""heterogeneous"": 0, ""mainstream"": 0}",12,12,0,0,0,0,0,"{""ghost"": 0, ""heterogeneous"": 0, ""mainstream"": 0}",0,0,0,158,True,True,30
52,1052,True,3,0,0.923077,1.0,False,0.846154,0.0,0.0,0.0,0.0,1.0,156,0,1.0,156,0,390,0,390,0,390,0,390,0,870,0,primary_eps_reliability,eps,0.5,4,"{""ghost"": 12, ""heterogeneous"": 158, ""mainstream"": 30}",30,12,158,42,3.761905,Cluster_02,"{""ghost"": 12, ""heterogeneous"": 1, ""mainstream"": 0}","{""ghost"": 12, ""heterogeneous"": 1, ""mainstream"": 0}",13,12,0,1,1,1,0,"{""ghost"": 0, ""heterogeneous"": 0, ""mainstream"": 0}",0,0,0,158,True,True,30
53,1053,True,3,0,1.0,1.0,True,1.0,0.0,0.0,0.0,0.0,1.0,132,0,1.0,132,0,360,0,360,0,360,0,360,0,870,0,primary_eps_reliability,eps,0.5,4,"{""ghost"": 12, ""heterogeneous"": 158, ""mainstream"": 30}",30,12,158,42,3.761905,Cluster_02,"{""ghost"": 12, ""heterogeneous"": 0, ""mainstream"": 0}","{""ghost"": 12, ""heterogeneous"": 0, ""mainstream"": 0}",12,12,0,0,0,0,0,"{""ghost"": 0, ""heterogeneous"": 0, ""mainstream"": 0}",0,0,0,158,True,True,30
54,1054,True,3,0,1.0,1.0,True,1.0,0.0,0.0,0.0,0.0,1.0,132,0,1.0,132,0,372,0,372,0,372,0,372,0,930,0,primary_eps_reliability,eps,0.5,4,"{""ghost"": 12, ""heterogeneous"": 158, ""mainstream"": 30}",30,12,158,42,3.761905,Cluster_02,"{""ghost"": 12, ""heterogeneous"": 0, ""mainstream"": 0}","{""ghost"": 12, ""heterogeneous"": 0, ""mainstream"": 0}",12,12,0,0,0,0,0,"{""ghost"": 0, ""heterogeneous"": 0, ""mainstream"": 0}",0,0,0,158,True,True,31
55,1055,True,3,0,1.0,1.0,True,1.0,0.0,0.0,0.0,0.0,1.0,132,0,1.0,132,0,360,0,360,0,360,0,360,0,870,0,primary_eps_reliability,eps,0.5,4,"{""ghost"": 12, ""heterogeneous"": 158, ""mainstream"": 30}",30,12,158,42,3.761905,Cluster_02,"{""ghost"": 12, ""heterogeneous"": 0, ""mainstream"": 0}","{""ghost"": 12, ""heterogeneous"": 0, ""mainstream"": 0}",12,12,0,0,0,0,0,"{""ghost"": 0, ""heterogeneous"": 0, ""mainstream"": 0}",0,0,0,158,True,True,30
56,1056,True,3,1,1.0,1.0,True,1.0,0.0,0.0,0.0,0.0,1.0,132,0,1.0,132,0,360,0,360,0,360,0,360,0,870,0,primary_eps_reliability,eps,0.5,4,"{""ghost"": 12, ""heterogeneous"": 158, ""mainstream"": 30}",30,12,158,42,3.761905,Cluster_02,"{""ghost"": 12, ""heterogeneous"": 0, ""mainstream"": 0}","{""ghost"": 12, ""heterogeneous"": 0, ""mainstream"": 0}",12,12,0,0,0,0,1,"{""ghost"": 0, ""heterogeneous"": 1, ""mainstream"": 0}",0,0,1,157,True,True,30
57,1057,True,3,0,1.0,1.0,True,1.0,0.0,0.0,0.0,0.0,1.0,132,0,1.0,132,0,360,0,360,0,360,0,360,0,870,0,primary_eps_reliability,eps,0.5,4,"{""ghost"": 12, ""heterogeneous"": 158, ""mainstream"": 30}",30,12,158,42,3.761905,Cluster_02,"{""ghost"": 12, ""heterogeneous"": 0, ""mainstream"": 0}","{""ghost"": 12, ""heterogeneous"": 0, ""mainstream"": 0}",12,12,0,0,0,0,0,"{""ghost"": 0, ""heterogeneous"": 0, ""mainstream"": 0}",0,0,0,158,True,True,30
58,1058,True,4,2,0.923077,1.0,False,0.846154,0.076923,0.076923,0.076923,0.076923,1.0,156,0,1.0,156,0,403,0,403,0,403,0,403,0,930,0,primary_eps_reliability,eps,0.5,4,"{""ghost"": 12, ""heterogeneous"": 158, ""mainstream"": 30}",30,12,158,42,3.761905,Cluster_02,"{""ghost"": 12, ""heterogeneous"": 1, ""mainstream"": 0}","{""ghost"": 12, ""heterogeneous"": 1, ""mainstream"": 0}",13,12,0,1,1,1,2,"{""ghost"": 0, ""heterogeneous"": 2, ""mainstream"": 0}",0,0,2,156,True,True,31
59,1059,True,3,0,1.0,1.0,True,1.0,0.0,0.0,0.0,0.0,1.0,132,0,1.0,132,0,360,0,360,0,360,0,360,0,870,0,primary_eps_reliability,eps,0.5,4,"{""ghost"": 12, ""heterogeneous"": 158, ""mainstream"": 30}",30,12,158,42,3.761905,Cluster_02,"{""ghost"": 12, ""heterogeneous"": 0, ""mainstream"": 0}","{""ghost"": 12, ""heterogeneous"": 0, ""mainstream"": 0}",12,12,0,0,0,0,0,"{""ghost"": 0, ""heterogeneous"": 0, ""mainstream"": 0}",0,0,0,158,True,True,30
60,1060,True,3,0,0.923077,1.0,False,0.846154,0.0,0.0,0.0,0.0,0.935484,156,0,1.0,156,0,403,0,403,0,403,0,403,0,930,0,primary_eps_reliability,eps,0.5,4,"{""ghost"": 12, ""heterogeneous"": 158, ""mainstream"": 30}",30,12,158,42,3.761905,Cluster_02,"{""ghost"": 12, ""heterogeneous"": 1, ""mainstream"": 0}","{""ghost"": 12, ""heterogeneous"": 1, ""mainstream"": 0}",13,12,0,1,1,1,0,"{""ghost"": 0, ""heterogeneous"": 0, ""mainstream"": 0}",0,0,0,158,True,True,31
61,1061,True,3,0,0.923077,1.0,False,1.0,0.0,0.0,0.0,0.0,1.0,156,0,1.0,156,0,390,0,390,0,390,0,390,0,870,0,primary_eps_reliability,eps,0.5,4,"{""ghost"": 12, ""heterogeneous"": 158, ""mainstream"": 30}",30,12,158,42,3.761905,Cluster_02,"{""ghost"": 12, ""heterogeneous"": 1, ""mainstream"": 0}","{""ghost"": 12, ""heterogeneous"": 1, ""mainstream"": 0}",13,12,0,1,1,1,0,"{""ghost"": 0, ""heterogeneous"": 0, ""mainstream"": 0}",0,0,0,158,True,True,30
62,1062,True,3,0,1.0,1.0,True,1.0,0.0,0.0,0.0,0.0,1.0,132,0,1.0,132,0,372,0,372,0,372,0,372,0,930,0,primary_eps_reliability,eps,0.5,4,"{""ghost"": 12, ""heterogeneous"": 158, ""mainstream"": 30}",30,12,158,42,3.761905,Cluster_02,"{""ghost"": 12, ""heterogeneous"": 0, ""mainstream"": 0}","{""ghost"": 12, ""heterogeneous"": 0, ""mainstream"": 0}",12,12,0,0,0,0,0,"{""ghost"": 0, ""heterogeneous"": 0, ""mainstream"": 0}",0,0,0,158,True,True,31
63,1063,True,3,0,1.0,1.0,True,1.0,0.032258,0.032258,0.032258,0.032258,0.935484,132,0,1.0,132,0,372,0,372,0,372,0,372,0,930,0,primary_eps_reliability,eps,0.5,4,"{""ghost"": 12, ""heterogeneous"": 158, ""mainstream"": 30}",30,12,158,42,3.761905,Cluster_02,"{""ghost"": 12, ""heterogeneous"": 0, ""mainstream"": 0}","{""ghost"": 12, ""heterogeneous"": 0, ""mainstream"": 0}",12,12,0,0,0,0,0,"{""ghost"": 0, ""heterogeneous"": 0, ""mainstream"": 0}",0,0,0,158,True,True,31
64,1064,True,3,0,0.857143,1.0,False,0.857143,0.069196,0.069196,0.069196,0.069196,0.9375,182,0,1.0,182,0,448,0,448,0,448,0,448,0,992,0,primary_eps_reliability,eps,0.5,4,"{""ghost"": 12, ""heterogeneous"": 158, ""mainstream"": 30}",30,12,158,42,3.761905,Cluster_02,"{""ghost"": 12, ""heterogeneous"": 2, ""mainstream"": 0}","{""ghost"": 12, ""heterogeneous"": 2, ""mainstream"": 0}",14,12,0,2,2,2,0,"{""ghost"": 0, ""heterogeneous"": 0, ""mainstream"": 0}",0,0,0,158,True,True,32
65,1065,True,3,2,1.0,1.0,True,1.0,0.0,0.0,0.0,0.0,1.0,132,0,1.0,132,0,360,0,360,0,360,0,360,0,870,0,primary_eps_reliability,eps,0.5,4,"{""ghost"": 12, ""heterogeneous"": 158, ""mainstream"": 30}",30,12,158,42,3.761905,Cluster_02,"{""ghost"": 12, ""heterogeneous"": 0, ""mainstream"": 0}","{""ghost"": 12, ""heterogeneous"": 0, ""mainstream"": 0}",12,12,0,0,0,0,2,"{""ghost"": 0, ""heterogeneous"": 2, ""mainstream"": 0}",0,0,2,156,True,True,30
66,1066,True,3,1,1.0,1.0,True,1.0,0.0,0.0,0.0,0.0,1.0,132,0,1.0,132,0,360,0,360,0,360,0,360,0,870,0,primary_eps_reliability,eps,0.5,4,"{""ghost"": 12, ""heterogeneous"": 158, ""mainstream"": 30}",30,12,158,42,3.761905,Cluster_02,"{""ghost"": 12, ""heterogeneous"": 0, ""mainstream"": 0}","{""ghost"": 12, ""heterogeneous"": 0, ""mainstream"": 0}",12,12,0,0,0,0,1,"{""ghost"": 0, ""heterogeneous"": 1, ""mainstream"": 0}",0,0,1,157,True,True,30
67,1067,True,3,0,0.857143,1.0,False,1.0,0.0,0.0,0.0,0.0,0.935484,182,0,1.0,182,0,434,0,434,0,434,0,434,0,930,0,primary_eps_reliability,eps,0.5,4,"{""ghost"": 12, ""heterogeneous"": 158, ""mainstream"": 30}",30,12,158,42,3.761905,Cluster_02,"{""ghost"": 12, ""heterogeneous"": 2, ""mainstream"": 0}","{""ghost"": 12, ""heterogeneous"": 2, ""mainstream"": 0}",14,12,0,2,2,2,0,"{""ghost"": 0, ""heterogeneous"": 0, ""mainstream"": 0}",0,0,0,158,True,True,31
68,1068,True,3,1,1.0,1.0,True,1.0,0.0,0.0,0.0,0.0,1.0,132,0,1.0,132,0,360,0,360,0,360,0,360,0,870,0,primary_eps_reliability,eps,0.5,4,"{""ghost"": 12, ""heterogeneous"": 158, ""mainstream"": 30}",30,12,158,42,3.761905,Cluster_02,"{""ghost"": 12, ""heterogeneous"": 0, ""mainstream"": 0}","{""ghost"": 12, ""heterogeneous"": 0, ""mainstream"": 0}",12,12,0,0,0,0,1,"{""ghost"": 0, ""heterogeneous"": 1, ""mainstream"": 0}",0,0,1,157,True,True,30
69,1069,True,3,0,0.8,1.0,False,1.0,0.0,0.0,0.0,0.0,1.0,210,0,1.0,210,0,450,0,450,0,450,0,450,0,870,0,primary_eps_reliability,eps,0.5,4,"{""ghost"": 12, ""heterogeneous"": 158, ""mainstream"": 30}",30,12,158,42,3.761905,Cluster_02,"{""ghost"": 12, ""heterogeneous"": 3, ""mainstream"": 0}","{""ghost"": 12, ""heterogeneous"": 3, ""mainstream"": 0}",15,12,0,3,3,3,0,"{""ghost"": 0, ""heterogeneous"": 0, ""mainstream"": 0}",0,0,0,158,True,True,30
70,1070,True,4,0,0.857143,1.0,False,0.857143,0.071429,0.071429,0.071429,0.071429,1.0,182,0,1.0,182,0,420,0,420,0,420,0,420,0,870,0,primary_eps_reliability,eps,0.5,4,"{""ghost"": 12, ""heterogeneous"": 158, ""mainstream"": 30}",30,12,158,42,3.761905,Cluster_02,"{""ghost"": 12, ""heterogeneous"": 2, ""mainstream"": 0}","{""ghost"": 12, ""heterogeneous"": 2, ""mainstream"": 0}",14,12,0,2,2,2,0,"{""ghost"": 0, ""heterogeneous"": 0, ""mainstream"": 0}",0,0,0,158,True,True,30
71,1071,True,3,0,0.923077,1.0,False,1.0,0.0,0.0,0.0,0.0,1.0,156,0,1.0,156,0,390,0,390,0,390,0,390,0,870,0,primary_eps_reliability,eps,0.5,4,"{""ghost"": 12, ""heterogeneous"": 158, ""mainstream"": 30}",30,12,158,42,3.761905,Cluster_02,"{""ghost"": 12, ""heterogeneous"": 1, ""mainstream"": 0}","{""ghost"": 12, ""heterogeneous"": 1, ""mainstream"": 0}",13,12,0,1,1,1,0,"{""ghost"": 0, ""heterogeneous"": 0, ""mainstream"": 0}",0,0,0,158,True,True,30
72,1072,True,3,1,1.0,1.0,True,1.0,0.0,0.0,0.0,0.0,1.0,132,0,1.0,132,0,360,0,360,0,360,0,360,0,870,0,primary_eps_reliability,eps,0.5,4,"{""ghost"": 12, ""heterogeneous"": 158, ""mainstream"": 30}",30,12,158,42,3.761905,Cluster_02,"{""ghost"": 12, ""heterogeneous"": 0, ""mainstream"": 0}","{""ghost"": 12, ""heterogeneous"": 0, ""mainstream"": 0}",12,12,0,0,0,0,1,"{""ghost"": 0, ""heterogeneous"": 1, ""mainstream"": 0}",0,0,1,157,True,True,30
73,1073,True,3,0,1.0,1.0,True,1.0,0.0,0.0,0.0,0.0,1.0,132,0,1.0,132,0,360,0,360,0,360,0,360,0,870,0,primary_eps_reliability,eps,0.5,4,"{""ghost"": 12, ""heterogeneous"": 158, ""mainstream"": 30}",30,12,158,42,3.761905,Cluster_02,"{""ghost"": 12, ""heterogeneous"": 0, ""mainstream"": 0}","{""ghost"": 12, ""heterogeneous"": 0, ""mainstream"": 0}",12,12,0,0,0,0,0,"{""ghost"": 0, ""heterogeneous"": 0, ""mainstream"": 0}",0,0,0,158,True,True,30
74,1074,True,3,0,0.923077,1.0,False,0.846154,0.076923,0.076923,0.076923,0.076923,1.0,156,0,1.0,156,0,390,0,390,0,390,0,390,0,870,0,primary_eps_reliability,eps,0.5,4,"{""ghost"": 12, ""heterogeneous"": 158, ""mainstream"": 30}",30,12,158,42,3.761905,Cluster_02,"{""ghost"": 12, ""heterogeneous"": 1, ""mainstream"": 0}","{""ghost"": 12, ""heterogeneous"": 1, ""mainstream"": 0}",13,12,0,1,1,1,0,"{""ghost"": 0, ""heterogeneous"": 0, ""mainstream"": 0}",0,0,0,158,True,True,30
75,1075,True,3,0,1.0,1.0,True,1.0,0.0,0.0,0.0,0.0,1.0,132,0,1.0,132,0,360,0,360,0,360,0,360,0,870,0,primary_eps_reliability,eps,0.5,4,"{""ghost"": 12, ""heterogeneous"": 158, ""mainstream"": 30}",30,12,158,42,3.761905,Cluster_02,"{""ghost"": 12, ""heterogeneous"": 0, ""mainstream"": 0}","{""ghost"": 12, ""heterogeneous"": 0, ""mainstream"": 0}",12,12,0,0,0,0,0,"{""ghost"": 0, ""heterogeneous"": 0, ""mainstream"": 0}",0,0,0,158,True,True,30
76,1076,True,3,1,1.0,1.0,True,1.0,0.0,0.0,0.0,0.0,1.0,132,0,1.0,132,0,360,0,360,0,360,0,360,0,870,0,primary_eps_reliability,eps,0.5,4,"{""ghost"": 12, ""heterogeneous"": 158, ""mainstream"": 30}",30,12,158,42,3.761905,Cluster_02,"{""ghost"": 12, ""heterogeneous"": 0, ""mainstream"": 0}","{""ghost"": 12, ""heterogeneous"": 0, ""mainstream"": 0}",12,12,0,0,0,0,1,"{""ghost"": 0, ""heterogeneous"": 1, ""mainstream"": 0}",0,0,1,157,True,True,30
77,1077,True,3,0,1.0,1.0,True,1.0,0.0,0.0,0.0,0.0,1.0,132,0,1.0,132,0,360,0,360,0,360,0,360,0,870,0,primary_eps_reliability,eps,0.5,4,"{""ghost"": 12, ""heterogeneous"": 158, ""mainstream"": 30}",30,12,158,42,3.761905,Cluster_02,"{""ghost"": 12, ""heterogeneous"": 0, ""mainstream"": 0}","{""ghost"": 12, ""heterogeneous"": 0, ""mainstream"": 0}",12,12,0,0,0,0,0,"{""ghost"": 0, ""heterogeneous"": 0, ""mainstream"": 0}",0,0,0,158,True,True,30
78,1078,True,3,0,0.923077,1.0,False,0.846154,0.0,0.0,0.0,0.0,1.0,156,0,1.0,156,0,390,0,390,0,390,0,390,0,870,0,primary_eps_reliability,eps,0.5,4,"{""ghost"": 12, ""heterogeneous"": 158, ""mainstream"": 30}",30,12,158,42,3.761905,Cluster_02,"{""ghost"": 12, ""heterogeneous"": 1, ""mainstream"": 0}","{""ghost"": 12, ""heterogeneous"": 1, ""mainstream"": 0}",13,12,0,1,1,1,0,"{""ghost"": 0, ""heterogeneous"": 0, ""mainstream"": 0}",0,0,0,158,True,True,30
79,1079,True,3,0,0.923077,1.0,False,1.0,0.0,0.0,0.0,0.0,1.0,156,0,1.0,156,0,390,0,390,0,390,0,390,0,870,0,primary_eps_reliability,eps,0.5,4,"{""ghost"": 12, ""heterogeneous"": 158, ""mainstream"": 30}",30,12,158,42,3.761905,Cluster_02,"{""ghost"": 12, ""heterogeneous"": 1, ""mainstream"": 0}","{""ghost"": 12, ""heterogeneous"": 1, ""mainstream"": 0}",13,12,0,1,1,1,0,"{""ghost"": 0, ""heterogeneous"": 0, ""mainstream"": 0}",0,0,0,158,True,True,30
80,1080,True,3,0,1.0,1.0,True,1.0,0.0,0.0,0.0,0.0,1.0,132,0,1.0,132,0,360,0,360,0,360,0,360,0,870,0,primary_eps_reliability,eps,0.5,4,"{""ghost"": 12, ""heterogeneous"": 158, ""mainstream"": 30}",30,12,158,42,3.761905,Cluster_02,"{""ghost"": 12, ""heterogeneous"": 0, ""mainstream"": 0}","{""ghost"": 12, ""heterogeneous"": 0, ""mainstream"": 0}",12,12,0,0,0,0,0,"{""ghost"": 0, ""heterogeneous"": 0, ""mainstream"": 0}",0,0,0,158,True,True,30
81,1081,True,3,3,1.0,1.0,True,1.0,0.0,0.0,0.0,0.0,1.0,132,0,1.0,132,0,360,0,360,0,360,0,360,0,870,0,primary_eps_reliability,eps,0.5,4,"{""ghost"": 12, ""heterogeneous"": 158, ""mainstream"": 30}",30,12,158,42,3.761905,Cluster_02,"{""ghost"": 12, ""heterogeneous"": 0, ""mainstream"": 0}","{""ghost"": 12, ""heterogeneous"": 0, ""mainstream"": 0}",12,12,0,0,0,0,3,"{""ghost"": 0, ""heterogeneous"": 3, ""mainstream"": 0}",0,0,3,155,True,True,30
82,1082,True,3,0,1.0,1.0,True,1.0,0.0,0.0,0.0,0.0,1.0,132,0,1.0,132,0,360,0,360,0,360,0,360,0,870,0,primary_eps_reliability,eps,0.5,4,"{""ghost"": 12, ""heterogeneous"": 158, ""mainstream"": 30}",30,12,158,42,3.761905,Cluster_02,"{""ghost"": 12, ""heterogeneous"": 0, ""mainstream"": 0}","{""ghost"": 12, ""heterogeneous"": 0, ""mainstream"": 0}",12,12,0,0,0,0,0,"{""ghost"": 0, ""heterogeneous"": 0, ""mainstream"": 0}",0,0,0,158,True,True,30
83,1083,True,3,0,0.857143,1.0,False,0.736264,0.0,0.0,0.0,0.0,1.0,182,0,1.0,182,0,420,0,420,0,420,0,420,0,870,0,primary_eps_reliability,eps,0.5,4,"{""ghost"": 12, ""heterogeneous"": 158, ""mainstream"": 30}",30,12,158,42,3.761905,Cluster_02,"{""ghost"": 12, ""heterogeneous"": 2, ""mainstream"": 0}","{""ghost"": 12, ""heterogeneous"": 2, ""mainstream"": 0}",14,12,0,2,2,2,0,"{""ghost"": 0, ""heterogeneous"": 0, ""mainstream"": 0}",0,0,0,158,True,True,30
84,1084,True,3,0,0.857143,1.0,False,0.857143,0.002232,0.002232,0.002232,0.002232,0.877016,182,0,1.0,182,0,448,0,448,0,448,0,448,0,992,0,primary_eps_reliability,eps,0.5,4,"{""ghost"": 12, ""heterogeneous"": 158, ""mainstream"": 30}",30,12,158,42,3.761905,Cluster_02,"{""ghost"": 12, ""heterogeneous"": 2, ""mainstream"": 0}","{""ghost"": 12, ""heterogeneous"": 2, ""mainstream"": 0}",14,12,0,2,2,2,0,"{""ghost"": 0, ""heterogeneous"": 0, ""mainstream"": 0}",0,0,0,158,True,True,32
85,1085,True,3,0,1.0,1.0,True,1.0,0.0,0.0,0.0,0.0,1.0,132,0,1.0,132,0,360,0,360,0,360,0,360,0,870,0,primary_eps_reliability,eps,0.5,4,"{""ghost"": 12, ""heterogeneous"": 158, ""mainstream"": 30}",30,12,158,42,3.761905,Cluster_02,"{""ghost"": 12, ""heterogeneous"": 0, ""mainstream"": 0}","{""ghost"": 12, ""heterogeneous"": 0, ""mainstream"": 0}",12,12,0,0,0,0,0,"{""ghost"": 0, ""heterogeneous"": 0, ""mainstream"": 0}",0,0,0,158,True,True,30
86,1086,True,3,0,1.0,1.0,True,1.0,0.0,0.0,0.0,0.0,1.0,132,0,1.0,132,0,360,0,360,0,360,0,360,0,870,0,primary_eps_reliability,eps,0.5,4,"{""ghost"": 12, ""heterogeneous"": 158, ""mainstream"": 30}",30,12,158,42,3.761905,Cluster_02,"{""ghost"": 12, ""heterogeneous"": 0, ""mainstream"": 0}","{""ghost"": 12, ""heterogeneous"": 0, ""mainstream"": 0}",12,12,0,0,0,0,0,"{""ghost"": 0, ""heterogeneous"": 0, ""mainstream"": 0}",0,0,0,158,True,True,30
87,1087,True,3,0,1.0,1.0,True,1.0,0.0,0.0,0.0,0.0,1.0,132,0,1.0,132,0,360,0,360,0,360,0,360,0,870,0,primary_eps_reliability,eps,0.5,4,"{""ghost"": 12, ""heterogeneous"": 158, ""mainstream"": 30}",30,12,158,42,3.761905,Cluster_02,"{""ghost"": 12, ""heterogeneous"": 0, ""mainstream"": 0}","{""ghost"": 12, ""heterogeneous"": 0, ""mainstream"": 0}",12,12,0,0,0,0,0,"{""ghost"": 0, ""heterogeneous"": 0, ""mainstream"": 0}",0,0,0,158,True,True,30
88,1088,True,3,0,1.0,1.0,True,1.0,0.0,0.0,0.0,0.0,1.0,132,0,1.0,132,0,372,0,372,0,372,0,372,0,930,0,primary_eps_reliability,eps,0.5,4,"{""ghost"": 12, ""heterogeneous"": 158, ""mainstream"": 30}",30,12,158,42,3.761905,Cluster_02,"{""ghost"": 12, ""heterogeneous"": 0, ""mainstream"": 0}","{""ghost"": 12, ""heterogeneous"": 0, ""mainstream"": 0}",12,12,0,0,0,0,0,"{""ghost"": 0, ""heterogeneous"": 0, ""mainstream"": 0}",0,0,0,158,True,True,31
89,1089,True,3,0,1.0,1.0,True,1.0,0.0,0.0,0.0,0.0,1.0,132,0,1.0,132,0,372,0,372,0,372,0,372,0,930,0,primary_eps_reliability,eps,0.5,4,"{""ghost"": 12, ""heterogeneous"": 158, ""mainstream"": 30}",30,12,158,42,3.761905,Cluster_02,"{""ghost"": 12, ""heterogeneous"": 0, ""mainstream"": 0}","{""ghost"": 12, ""heterogeneous"": 0, ""mainstream"": 0}",12,12,0,0,0,0,0,"{""ghost"": 0, ""heterogeneous"": 0, ""mainstream"": 0}",0,0,0,158,True,True,31
90,1090,True,3,0,1.0,1.0,True,1.0,0.0,0.0,0.0,0.0,1.0,132,0,1.0,132,0,408,0,408,0,408,0,408,0,1122,0,primary_eps_reliability,eps,0.5,4,"{""ghost"": 12, ""heterogeneous"": 158, ""mainstream"": 30}",30,12,158,42,3.761905,Cluster_02,"{""ghost"": 12, ""heterogeneous"": 0, ""mainstream"": 0}","{""ghost"": 12, ""heterogeneous"": 0, ""mainstream"": 0}",12,12,0,0,0,0,0,"{""ghost"": 0, ""heterogeneous"": 0, ""mainstream"": 0}",0,0,0,158,True,True,34
91,1091,True,3,0,1.0,1.0,True,1.0,0.0,0.0,0.0,0.0,1.0,132,0,1.0,132,0,360,0,360,0,360,0,360,0,870,0,primary_eps_reliability,eps,0.5,4,"{""ghost"": 12, ""heterogeneous"": 158, ""mainstream"": 30}",30,12,158,42,3.761905,Cluster_02,"{""ghost"": 12, ""heterogeneous"": 0, ""mainstream"": 0}","{""ghost"": 12, ""heterogeneous"": 0, ""mainstream"": 0}",12,12,0,0,0,0,0,"{""ghost"": 0, ""heterogeneous"": 0, ""mainstream"": 0}",0,0,0,158,True,True,30
92,1092,True,3,0,1.0,1.0,True,1.0,0.0,0.0,0.0,0.0,1.0,132,0,1.0,132,0,360,0,360,0,360,0,360,0,870,0,primary_eps_reliability,eps,0.5,4,"{""ghost"": 12, ""heterogeneous"": 158, ""mainstream"": 30}",30,12,158,42,3.761905,Cluster_02,"{""ghost"": 12, ""heterogeneous"": 0, ""mainstream"": 0}","{""ghost"": 12, ""heterogeneous"": 0, ""mainstream"": 0}",12,12,0,0,0,0,0,"{""ghost"": 0, ""heterogeneous"": 0, ""mainstream"": 0}",0,0,0,158,True,True,30
93,1093,True,3,3,1.0,1.0,True,1.0,0.0,0.0,0.0,0.0,1.0,132,0,1.0,132,0,360,0,360,0,360,0,360,0,870,0,primary_eps_reliability,eps,0.5,4,"{""ghost"": 12, ""heterogeneous"": 158, ""mainstream"": 30}",30,12,158,42,3.761905,Cluster_02,"{""ghost"": 12, ""heterogeneous"": 0, ""mainstream"": 0}","{""ghost"": 12, ""heterogeneous"": 0, ""mainstream"": 0}",12,12,0,0,0,0,3,"{""ghost"": 0, ""heterogeneous"": 3, ""mainstream"": 0}",0,0,3,155,True,True,30
94,1094,True,3,0,0.923077,1.0,False,0.846154,0.0,0.0,0.0,0.0,1.0,156,0,1.0,156,0,390,0,390,0,390,0,390,0,870,0,primary_eps_reliability,eps,0.5,4,"{""ghost"": 12, ""heterogeneous"": 158, ""mainstream"": 30}",30,12,158,42,3.761905,Cluster_02,"{""ghost"": 12, ""heterogeneous"": 1, ""mainstream"": 0}","{""ghost"": 12, ""heterogeneous"": 1, ""mainstream"": 0}",13,12,0,1,1,1,0,"{""ghost"": 0, ""heterogeneous"": 0, ""mainstream"": 0}",0,0,0,158,True,True,30
95,1095,True,3,0,0.923077,1.0,False,1.0,0.0,0.0,0.0,0.0,1.0,156,0,1.0,156,0,390,0,390,0,390,0,390,0,870,0,primary_eps_reliability,eps,0.5,4,"{""ghost"": 12, ""heterogeneous"": 158, ""mainstream"": 30}",30,12,158,42,3.761905,Cluster_02,"{""ghost"": 12, ""heterogeneous"": 1, ""mainstream"": 0}","{""ghost"": 12, ""heterogeneous"": 1, ""mainstream"": 0}",13,12,0,1,1,1,0,"{""ghost"": 0, ""heterogeneous"": 0, ""mainstream"": 0}",0,0,0,158,True,True,30
96,1096,True,3,0,1.0,1.0,True,1.0,0.0,0.0,0.0,0.0,1.0,132,0,1.0,132,0,360,0,360,0,360,0,360,0,870,0,primary_eps_reliability,eps,0.5,4,"{""ghost"": 12, ""heterogeneous"": 158, ""mainstream"": 30}",30,12,158,42,3.761905,Cluster_02,"{""ghost"": 12, ""heterogeneous"": 0, ""mainstream"": 0}","{""ghost"": 12, ""heterogeneous"": 0, ""mainstream"": 0}",12,12,0,0,0,0,0,"{""ghost"": 0, ""heterogeneous"": 0, ""mainstream"": 0}",0,0,0,158,True,True,30
97,1097,True,3,0,0.923077,1.0,False,1.0,0.0,0.0,0.0,0.0,1.0,156,0,1.0,156,0,390,0,390,0,390,0,390,0,870,0,primary_eps_reliability,eps,0.5,4,"{""ghost"": 12, ""heterogeneous"": 158, ""mainstream"": 30}",30,12,158,42,3.761905,Cluster_02,"{""ghost"": 12, ""heterogeneous"": 1, ""mainstream"": 0}","{""ghost"": 12, ""heterogeneous"": 1, ""mainstream"": 0}",13,12,0,1,1,1,0,"{""ghost"": 0, ""heterogeneous"": 0, ""mainstream"": 0}",0,0,0,158,True,True,30
98,1098,True,3,0,1.0,1.0,True,1.0,0.032258,0.032258,0.032258,0.032258,0.935484,132,0,1.0,132,0,372,0,372,0,372,0,372,0,930,0,primary_eps_reliability,eps,0.5,4,"{""ghost"": 12, ""heterogeneous"": 158, ""mainstream"": 30}",30,12,158,42,3.761905,Cluster_02,"{""ghost"": 12, ""heterogeneous"": 0, ""mainstream"": 0}","{""ghost"": 12, ""heterogeneous"": 0, ""mainstream"": 0}",12,12,0,0,0,0,0,"{""ghost"": 0, ""heterogeneous"": 0, ""mainstream"": 0}",0,0,0,158,True,True,31
99,1099,True,3,0,1.0,1.0,True,1.0,0.0,0.0,0.0,0.0,0.935484,132,0,1.0,132,0,372,0,372,0,372,0,372,0,930,0,primary_eps_reliability,eps,0.5,4,"{""ghost"": 12, ""heterogeneous"": 158, ""mainstream"": 30}",30,12,158,42,3.761905,Cluster_02,"{""ghost"": 12, ""heterogeneous"": 0, ""mainstream"": 0}","{""ghost"": 12, ""heterogeneous"": 0, ""mainstream"": 0}",12,12,0,0,0,0,0,"{""ghost"": 0, ""heterogeneous"": 0, ""mainstream"": 0}",0,0,0,158,True,True,31
100,1100,True,3,0,1.0,1.0,True,1.0,0.0,0.0,0.0,0.0,1.0,132,0,1.0,132,0,360,0,360,0,360,0,360,0,870,0,primary_eps_reliability,eps,0.5,4,"{""ghost"": 12, ""heterogeneous"": 158, ""mainstream"": 30}",30,12,158,42,3.761905,Cluster_02,"{""ghost"": 12, ""heterogeneous"": 0, ""mainstream"": 0}","{""ghost"": 12, ""heterogeneous"": 0, ""mainstream"": 0}",12,12,0,0,0,0,0,"{""ghost"": 0, ""heterogeneous"": 0, ""mainstream"": 0}",0,0,0,158,True,True,30
